"Run","Algorithm","value"
1,"stray",0.0139999999999998
1,"lookoutNew",0.241
1,"lookoutOld",0.0760000000000001
1,"HDoutliers",0.012
1,"kdeos",0.219
1,"rdos",2.51
2,"stray",0.0259999999999998
2,"lookoutNew",0.0800000000000001
2,"lookoutOld",0.0579999999999998
2,"HDoutliers",0.00999999999999979
2,"kdeos",0.213
2,"rdos",2.563
3,"stray",0.0250000000000004
3,"lookoutNew",0.0760000000000005
3,"lookoutOld",0.0579999999999998
3,"HDoutliers",0.00999999999999979
3,"kdeos",0.167
3,"rdos",2.55
4,"stray",0.0250000000000004
4,"lookoutNew",0.0969999999999995
4,"lookoutOld",0.0820000000000007
4,"HDoutliers",0.00999999999999979
4,"kdeos",0.183999999999999
4,"rdos",2.492
5,"stray",0.0309999999999988
5,"lookoutNew",0.0760000000000005
5,"lookoutOld",0.0579999999999998
5,"HDoutliers",0.0100000000000016
5,"kdeos",0.195
5,"rdos",2.486
6,"stray",0.032
6,"lookoutNew",0.0769999999999982
6,"lookoutOld",0.0590000000000011
6,"HDoutliers",0.0100000000000016
6,"kdeos",0.178000000000001
6,"rdos",2.392
7,"stray",0.0249999999999986
7,"lookoutNew",0.0790000000000006
7,"lookoutOld",0.0640000000000001
7,"HDoutliers",0.0109999999999992
7,"kdeos",0.175999999999998
7,"rdos",2.579
8,"stray",0.0340000000000025
8,"lookoutNew",0.0839999999999996
8,"lookoutOld",0.0620000000000012
8,"HDoutliers",0.0110000000000028
8,"kdeos",0.213000000000001
8,"rdos",2.852
9,"stray",0.0259999999999998
9,"lookoutNew",0.0760000000000005
9,"lookoutOld",0.0660000000000025
9,"HDoutliers",0.0100000000000051
9,"kdeos",0.184000000000005
9,"rdos",2.364
10,"stray",0.0260000000000034
10,"lookoutNew",0.0840000000000032
10,"lookoutOld",0.0759999999999934
10,"HDoutliers",0.00999999999999801
10,"kdeos",0.170999999999999
10,"rdos",2.329
11,"stray",0.0300000000000011
11,"lookoutNew",0.0820000000000007
11,"lookoutOld",0.0600000000000023
11,"HDoutliers",0.0109999999999957
11,"kdeos",0.183
11,"rdos",2.386
12,"stray",0.0309999999999988
12,"lookoutNew",0.0799999999999983
12,"lookoutOld",0.0590000000000046
12,"HDoutliers",0.0110000000000028
12,"kdeos",0.199999999999996
12,"rdos",2.425
13,"stray",0.0300000000000011
13,"lookoutNew",0.0820000000000007
13,"lookoutOld",0.0600000000000023
13,"HDoutliers",0.0109999999999957
13,"kdeos",0.168999999999997
13,"rdos",2.331
14,"stray",0.0249999999999986
14,"lookoutNew",0.0820000000000007
14,"lookoutOld",0.0589999999999975
14,"HDoutliers",0.0120000000000005
14,"kdeos",0.174999999999997
14,"rdos",2.297
15,"stray",0.0259999999999962
15,"lookoutNew",0.0840000000000032
15,"lookoutOld",0.0589999999999975
15,"HDoutliers",0.0110000000000028
15,"kdeos",0.170000000000002
15,"rdos",2.27
16,"stray",0.0249999999999986
16,"lookoutNew",0.078000000000003
16,"lookoutOld",0.0609999999999999
16,"HDoutliers",0.0110000000000028
16,"kdeos",0.173000000000002
16,"rdos",2.342
17,"stray",0.0260000000000034
17,"lookoutNew",0.0829999999999984
17,"lookoutOld",0.0630000000000024
17,"HDoutliers",0.0110000000000028
17,"kdeos",0.167999999999999
17,"rdos",2.404
18,"stray",0.027000000000001
18,"lookoutNew",0.0870000000000033
18,"lookoutOld",0.0649999999999977
18,"HDoutliers",0.0110000000000028
18,"kdeos",0.179000000000002
18,"rdos",2.776
19,"stray",0.034000000000006
19,"lookoutNew",0.0859999999999985
19,"lookoutOld",0.063999999999993
19,"HDoutliers",0.0100000000000051
19,"kdeos",0.179000000000002
19,"rdos",2.407
20,"stray",0.0249999999999915
20,"lookoutNew",0.0810000000000031
20,"lookoutOld",0.0630000000000024
20,"HDoutliers",0.0110000000000099
20,"kdeos",0.183999999999997
20,"rdos",2.51899999999999
21,"stray",0.0260000000000105
21,"lookoutNew",0.0810000000000031
21,"lookoutOld",0.0659999999999883
21,"HDoutliers",0.0100000000000051
21,"kdeos",0.217999999999989
21,"rdos",2.289
22,"stray",0.0249999999999915
22,"lookoutNew",0.0799999999999983
22,"lookoutOld",0.0630000000000024
22,"HDoutliers",0.0100000000000051
22,"kdeos",0.187000000000012
22,"rdos",2.46299999999999
23,"stray",0.0260000000000105
23,"lookoutNew",0.0849999999999937
23,"lookoutOld",0.0600000000000023
23,"HDoutliers",0.0110000000000099
23,"kdeos",0.194999999999993
23,"rdos",2.45399999999999
24,"stray",0.0309999999999917
24,"lookoutNew",0.0809999999999889
24,"lookoutOld",0.063999999999993
24,"HDoutliers",0.0100000000000051
24,"kdeos",0.191999999999993
24,"rdos",2.328
25,"stray",0.0249999999999915
25,"lookoutNew",0.0820000000000078
25,"lookoutOld",0.0569999999999879
25,"HDoutliers",0.0109999999999957
25,"kdeos",0.172000000000011
25,"rdos",2.429
26,"stray",0.027000000000001
26,"lookoutNew",0.078000000000003
26,"lookoutOld",0.0619999999999976
26,"HDoutliers",0.0109999999999957
26,"kdeos",0.200999999999993
26,"rdos",2.70100000000001
27,"stray",0.0300000000000011
27,"lookoutNew",0.0949999999999989
27,"lookoutOld",0.0589999999999975
27,"HDoutliers",0.0109999999999957
27,"kdeos",0.191000000000003
27,"rdos",2.38300000000001
28,"stray",0.0280000000000058
28,"lookoutNew",0.0760000000000076
28,"lookoutOld",0.061000000000007
28,"HDoutliers",0.0110000000000099
28,"kdeos",0.191000000000003
28,"rdos",2.429
29,"stray",0.0259999999999962
29,"lookoutNew",0.0820000000000078
29,"lookoutOld",0.0600000000000023
29,"HDoutliers",0.0100000000000051
29,"kdeos",0.173000000000002
29,"rdos",2.55
30,"stray",0.027000000000001
30,"lookoutNew",0.0750000000000028
30,"lookoutOld",0.0579999999999927
30,"HDoutliers",0.0100000000000051
30,"kdeos",0.167000000000002
30,"rdos",2.352
31,"stray",0.0300000000000011
31,"lookoutNew",0.0790000000000077
31,"lookoutOld",0.0600000000000023
31,"HDoutliers",0.0109999999999957
31,"kdeos",0.174999999999997
31,"rdos",2.407
32,"stray",0.0330000000000013
32,"lookoutNew",0.0779999999999887
32,"lookoutOld",0.0589999999999975
32,"HDoutliers",0.0109999999999957
32,"kdeos",0.173000000000002
32,"rdos",2.30099999999999
33,"stray",0.0259999999999962
33,"lookoutNew",0.0789999999999935
33,"lookoutOld",0.0640000000000072
33,"HDoutliers",0.0109999999999957
33,"kdeos",0.174999999999997
33,"rdos",2.36999999999999
34,"stray",0.0319999999999965
34,"lookoutNew",0.0799999999999983
34,"lookoutOld",0.063999999999993
34,"HDoutliers",0.0109999999999957
34,"kdeos",0.194999999999993
34,"rdos",2.322
35,"stray",0.0240000000000009
35,"lookoutNew",0.0720000000000027
35,"lookoutOld",0.0520000000000067
35,"HDoutliers",0.0109999999999957
35,"kdeos",0.168999999999997
35,"rdos",2.256
36,"stray",0.0289999999999964
36,"lookoutNew",0.0849999999999937
36,"lookoutOld",0.0630000000000024
36,"HDoutliers",0.00999999999999091
36,"kdeos",0.176999999999992
36,"rdos",3.04199999999999
37,"stray",0.0250000000000057
37,"lookoutNew",0.0840000000000032
37,"lookoutOld",0.0629999999999882
37,"HDoutliers",0.0120000000000005
37,"kdeos",0.204000000000008
37,"rdos",2.51400000000001
38,"stray",0.0289999999999964
38,"lookoutNew",0.0840000000000032
38,"lookoutOld",0.0740000000000123
38,"HDoutliers",0.0120000000000005
38,"kdeos",0.186000000000007
38,"rdos",2.56
39,"stray",0.02800000000002
39,"lookoutNew",0.0929999999999893
39,"lookoutOld",0.0699999999999932
39,"HDoutliers",0.0120000000000005
39,"kdeos",0.195999999999998
39,"rdos",2.62199999999999
40,"stray",0.02800000000002
40,"lookoutNew",0.0759999999999934
40,"lookoutOld",0.0660000000000025
40,"HDoutliers",0.0130000000000052
40,"kdeos",0.191000000000003
40,"rdos",2.489
41,"stray",0.025999999999982
41,"lookoutNew",0.0819999999999936
41,"lookoutOld",0.0670000000000073
41,"HDoutliers",0.0109999999999957
41,"kdeos",0.177999999999997
41,"rdos",2.68199999999999
42,"stray",0.0269999999999868
42,"lookoutNew",0.106999999999999
42,"lookoutOld",0.0819999999999936
42,"HDoutliers",0.0209999999999866
42,"kdeos",0.242999999999995
42,"rdos",2.851
43,"stray",0.0360000000000014
43,"lookoutNew",0.0790000000000077
43,"lookoutOld",0.0699999999999932
43,"HDoutliers",0.0109999999999957
43,"kdeos",0.175999999999988
43,"rdos",2.81
44,"stray",0.0370000000000061
44,"lookoutNew",0.0769999999999982
44,"lookoutOld",0.0670000000000073
44,"HDoutliers",0.0169999999999959
44,"kdeos",0.182000000000016
44,"rdos",2.55600000000001
45,"stray",0.0310000000000059
45,"lookoutNew",0.0889999999999986
45,"lookoutOld",0.0720000000000027
45,"HDoutliers",0.0150000000000148
45,"kdeos",0.174000000000007
45,"rdos",2.60299999999998
46,"stray",0.032999999999987
46,"lookoutNew",0.0910000000000082
46,"lookoutOld",0.0690000000000168
46,"HDoutliers",0.0149999999999864
46,"kdeos",0.210999999999984
46,"rdos",3.101
47,"stray",0.115000000000009
47,"lookoutNew",0.085000000000008
47,"lookoutOld",0.0579999999999927
47,"HDoutliers",0.0150000000000148
47,"kdeos",0.227000000000004
47,"rdos",2.39600000000002
48,"stray",0.0379999999999825
48,"lookoutNew",0.0949999999999989
48,"lookoutOld",0.0750000000000171
48,"HDoutliers",0.0100000000000193
48,"kdeos",0.170999999999992
48,"rdos",2.67600000000002
49,"stray",0.032999999999987
49,"lookoutNew",0.078000000000003
49,"lookoutOld",0.0769999999999982
49,"HDoutliers",0.0139999999999816
49,"kdeos",0.218999999999994
49,"rdos",4.042
50,"stray",0.0310000000000059
50,"lookoutNew",0.0869999999999891
50,"lookoutOld",0.0679999999999836
50,"HDoutliers",0.0100000000000193
50,"kdeos",0.186999999999983
50,"rdos",2.833
51,"stray",0.0360000000000014
51,"lookoutNew",0.0889999999999986
51,"lookoutOld",0.061000000000007
51,"HDoutliers",0.0129999999999768
51,"kdeos",0.179000000000002
51,"rdos",2.41899999999998
52,"stray",0.0269999999999868
52,"lookoutNew",0.0869999999999891
52,"lookoutOld",0.0769999999999982
52,"HDoutliers",0.0159999999999911
52,"kdeos",0.171000000000021
52,"rdos",2.636
53,"stray",0.0310000000000059
53,"lookoutNew",0.0790000000000077
53,"lookoutOld",0.0740000000000123
53,"HDoutliers",0.0149999999999864
53,"kdeos",0.21599999999998
53,"rdos",2.62
54,"stray",0.0289999999999964
54,"lookoutNew",0.0889999999999986
54,"lookoutOld",0.0760000000000218
54,"HDoutliers",0.0120000000000005
54,"kdeos",0.173999999999978
54,"rdos",2.59300000000002
55,"stray",0.0289999999999964
55,"lookoutNew",0.0810000000000173
55,"lookoutOld",0.0649999999999977
55,"HDoutliers",0.0109999999999957
55,"kdeos",0.167000000000002
55,"rdos",2.33199999999999
56,"stray",0.025999999999982
56,"lookoutNew",0.0829999999999984
56,"lookoutOld",0.0670000000000073
56,"HDoutliers",0.0100000000000193
56,"kdeos",0.192000000000007
56,"rdos",2.815
57,"stray",0.0330000000000155
57,"lookoutNew",0.0790000000000077
57,"lookoutOld",0.0699999999999932
57,"HDoutliers",0.0120000000000005
57,"kdeos",0.171999999999997
57,"rdos",2.39099999999999
58,"stray",0.0270000000000152
58,"lookoutNew",0.078000000000003
58,"lookoutOld",0.0750000000000171
58,"HDoutliers",0.00999999999999091
58,"kdeos",0.180000000000007
58,"rdos",2.733
59,"stray",0.0369999999999777
59,"lookoutNew",0.0819999999999936
59,"lookoutOld",0.0640000000000214
59,"HDoutliers",0.0109999999999957
59,"kdeos",0.175000000000011
59,"rdos",2.499
60,"stray",0.0310000000000059
60,"lookoutNew",0.106999999999999
60,"lookoutOld",0.0819999999999936
60,"HDoutliers",0.0120000000000005
60,"kdeos",0.187000000000012
60,"rdos",2.62800000000001
61,"stray",0.0289999999999964
61,"lookoutNew",0.078000000000003
61,"lookoutOld",0.070999999999998
61,"HDoutliers",0.01400000000001
61,"kdeos",0.180999999999983
61,"rdos",2.72900000000001
62,"stray",0.0310000000000059
62,"lookoutNew",0.0789999999999793
62,"lookoutOld",0.0699999999999932
62,"HDoutliers",0.0159999999999911
62,"kdeos",0.175999999999988
62,"rdos",2.459
63,"stray",0.0279999999999916
63,"lookoutNew",0.0769999999999982
63,"lookoutOld",0.0649999999999977
63,"HDoutliers",0.0110000000000241
63,"kdeos",0.170999999999992
63,"rdos",2.28700000000001
64,"stray",0.0279999999999916
64,"lookoutNew",0.0769999999999982
64,"lookoutOld",0.0670000000000073
64,"HDoutliers",0.00999999999999091
64,"kdeos",0.169000000000011
64,"rdos",2.44800000000001
65,"stray",0.0330000000000155
65,"lookoutNew",0.0779999999999745
65,"lookoutOld",0.0680000000000121
65,"HDoutliers",0.0100000000000193
65,"kdeos",0.170999999999992
65,"rdos",2.33900000000003
66,"stray",0.0339999999999918
66,"lookoutNew",0.0789999999999793
66,"lookoutOld",0.0660000000000025
66,"HDoutliers",0.00999999999999091
66,"kdeos",0.169000000000011
66,"rdos",2.29999999999998
67,"stray",0.0310000000000059
67,"lookoutNew",0.0790000000000077
67,"lookoutOld",0.0720000000000027
67,"HDoutliers",0.0109999999999957
67,"kdeos",0.187000000000012
67,"rdos",2.48699999999999
68,"stray",0.0300000000000011
68,"lookoutNew",0.0879999999999939
68,"lookoutOld",0.0659999999999741
68,"HDoutliers",0.0130000000000052
68,"kdeos",0.215000000000003
68,"rdos",2.72399999999999
69,"stray",0.0289999999999964
69,"lookoutNew",0.0840000000000032
69,"lookoutOld",0.0670000000000073
69,"HDoutliers",0.0110000000000241
69,"kdeos",0.183999999999997
69,"rdos",2.39499999999998
70,"stray",0.0300000000000296
70,"lookoutNew",0.0780000000000314
70,"lookoutOld",0.0710000000000264
70,"HDoutliers",0.0129999999999768
70,"kdeos",0.170999999999992
70,"rdos",2.27300000000002
71,"stray",0.0289999999999964
71,"lookoutNew",0.0780000000000314
71,"lookoutOld",0.0660000000000309
71,"HDoutliers",0.0120000000000005
71,"kdeos",0.194999999999993
71,"rdos",2.584
72,"stray",0.0289999999999964
72,"lookoutNew",0.0840000000000032
72,"lookoutOld",0.0659999999999741
72,"HDoutliers",0.0109999999999673
72,"kdeos",0.168000000000006
72,"rdos",2.31999999999999
73,"stray",0.0240000000000009
73,"lookoutNew",0.0749999999999886
73,"lookoutOld",0.0609999999999786
73,"HDoutliers",0.00999999999999091
73,"kdeos",0.224000000000046
73,"rdos",2.56200000000001
74,"stray",0.0249999999999773
74,"lookoutNew",0.0870000000000459
74,"lookoutOld",0.0640000000000214
74,"HDoutliers",0.0110000000000241
74,"kdeos",0.189999999999998
74,"rdos",2.32599999999996
75,"stray",0.0259999999999536
75,"lookoutNew",0.0739999999999554
75,"lookoutOld",0.0590000000000259
75,"HDoutliers",0.00999999999999091
75,"kdeos",0.18100000000004
75,"rdos",2.43700000000001
76,"stray",0.0339999999999918
76,"lookoutNew",0.0789999999999509
76,"lookoutOld",0.0639999999999645
76,"HDoutliers",0.01400000000001
76,"kdeos",0.182999999999993
76,"rdos",2.53800000000001
77,"stray",0.0320000000000391
77,"lookoutNew",0.0919999999999845
77,"lookoutOld",0.0649999999999977
77,"HDoutliers",0.0110000000000241
77,"kdeos",0.383999999999958
77,"rdos",2.42399999999998
78,"stray",0.0319999999999823
78,"lookoutNew",0.0769999999999982
78,"lookoutOld",0.0640000000000214
78,"HDoutliers",0.0109999999999673
78,"kdeos",0.189999999999998
78,"rdos",2.40600000000001
79,"stray",0.0260000000000105
79,"lookoutNew",0.0790000000000077
79,"lookoutOld",0.0629999999999882
79,"HDoutliers",0.0110000000000241
79,"kdeos",0.165999999999997
79,"rdos",2.26299999999998
80,"stray",0.0310000000000059
80,"lookoutNew",0.0780000000000314
80,"lookoutOld",0.0639999999999645
80,"HDoutliers",0.0110000000000241
80,"kdeos",0.194999999999993
80,"rdos",2.24200000000002
81,"stray",0.0250000000000341
81,"lookoutNew",0.0790000000000077
81,"lookoutOld",0.0640000000000214
81,"HDoutliers",0.00999999999999091
81,"kdeos",0.166999999999973
81,"rdos",2.26600000000002
82,"stray",0.0260000000000105
82,"lookoutNew",0.0790000000000077
82,"lookoutOld",0.0629999999999882
82,"HDoutliers",0.00999999999999091
82,"kdeos",0.182000000000016
82,"rdos",2.35700000000003
83,"stray",0.0260000000000105
83,"lookoutNew",0.0790000000000077
83,"lookoutOld",0.063000000000045
83,"HDoutliers",0.00999999999999091
83,"kdeos",0.209000000000003
83,"rdos",2.245
84,"stray",0.0260000000000105
84,"lookoutNew",0.0779999999999745
84,"lookoutOld",0.0649999999999977
84,"HDoutliers",0.0110000000000241
84,"kdeos",0.218999999999994
84,"rdos",2.28899999999999
85,"stray",0.0260000000000105
85,"lookoutNew",0.0790000000000077
85,"lookoutOld",0.0639999999999645
85,"HDoutliers",0.0109999999999673
85,"kdeos",0.168000000000006
85,"rdos",2.387
86,"stray",0.0260000000000105
86,"lookoutNew",0.0780000000000314
86,"lookoutOld",0.0640000000000214
86,"HDoutliers",0.0120000000000005
86,"kdeos",0.197000000000003
86,"rdos",2.27699999999999
87,"stray",0.02800000000002
87,"lookoutNew",0.0769999999999982
87,"lookoutOld",0.0640000000000214
87,"HDoutliers",0.00999999999999091
87,"kdeos",0.180000000000007
87,"rdos",2.41399999999999
88,"stray",0.0249999999999773
88,"lookoutNew",0.0790000000000077
88,"lookoutOld",0.0640000000000214
88,"HDoutliers",0.0110000000000241
88,"kdeos",0.165999999999997
88,"rdos",2.25400000000002
89,"stray",0.0279999999999632
89,"lookoutNew",0.0750000000000455
89,"lookoutOld",0.0649999999999977
89,"HDoutliers",0.0110000000000241
89,"kdeos",0.203999999999951
89,"rdos",2.26499999999999
90,"stray",0.0260000000000105
90,"lookoutNew",0.0819999999999936
90,"lookoutOld",0.0629999999999882
90,"HDoutliers",0.0110000000000241
90,"kdeos",0.173000000000002
90,"rdos",2.29300000000001
91,"stray",0.0260000000000105
91,"lookoutNew",0.0780000000000314
91,"lookoutOld",0.0639999999999645
91,"HDoutliers",0.00999999999999091
91,"kdeos",0.170999999999992
91,"rdos",2.23099999999999
92,"stray",0.0240000000000009
92,"lookoutNew",0.0779999999999745
92,"lookoutOld",0.0670000000000073
92,"HDoutliers",0.0109999999999673
92,"kdeos",0.18300000000005
92,"rdos",2.37799999999999
93,"stray",0.0260000000000105
93,"lookoutNew",0.0780000000000314
93,"lookoutOld",0.0679999999999836
93,"HDoutliers",0.0109999999999673
93,"kdeos",0.221000000000004
93,"rdos",2.27699999999999
94,"stray",0.0250000000000341
94,"lookoutNew",0.0790000000000077
94,"lookoutOld",0.0620000000000118
94,"HDoutliers",0.00999999999999091
94,"kdeos",0.170999999999992
94,"rdos",2.267
95,"stray",0.0249999999999773
95,"lookoutNew",0.0800000000000409
95,"lookoutOld",0.0659999999999741
95,"HDoutliers",0.01400000000001
95,"kdeos",0.213999999999999
95,"rdos",2.24200000000002
96,"stray",0.0249999999999773
96,"lookoutNew",0.0730000000000359
96,"lookoutOld",0.0629999999999882
96,"HDoutliers",0.00999999999999091
96,"kdeos",0.168999999999983
96,"rdos",2.44200000000001
97,"stray",0.0250000000000341
97,"lookoutNew",0.0769999999999982
97,"lookoutOld",0.0620000000000118
97,"HDoutliers",0.0110000000000241
97,"kdeos",0.170000000000016
97,"rdos",2.25799999999998
98,"stray",0.0260000000000105
98,"lookoutNew",0.0780000000000314
98,"lookoutOld",0.0629999999999882
98,"HDoutliers",0.0120000000000005
98,"kdeos",0.197000000000003
98,"rdos",2.24399999999997
99,"stray",0.0250000000000341
99,"lookoutNew",0.0819999999999936
99,"lookoutOld",0.0629999999999882
99,"HDoutliers",0.0110000000000241
99,"kdeos",0.164999999999964
99,"rdos",2.27599999999995
100,"stray",0.0249999999999773
100,"lookoutNew",0.0790000000000077
100,"lookoutOld",0.0640000000000214
100,"HDoutliers",0.0110000000000241
100,"kdeos",0.16799999999995
100,"rdos",2.23999999999995
